{"lr": 0.00997794446709763, "data_time": 0.007340836524963379, "loss": 0.1207062924746424, "decode.loss_ce": 0.08771050865761935, "decode.acc_seg": 98.7212142944336, "aux.loss_ce": 0.032995784329250454, "aux.acc_seg": 98.7212142944336, "time": 6.31399405002594, "step": 100}
{"lr": 0.009955660594668054, "data_time": 0.007387018203735352, "loss": 0.049842986604198815, "decode.loss_ce": 0.03499730001203716, "decode.acc_seg": 99.96829986572266, "aux.loss_ce": 0.01484568607993424, "aux.acc_seg": 99.96829986572266, "time": 6.299609756469726, "step": 200}
{"lr": 0.009933371122565919, "data_time": 0.0077022075653076175, "loss": 0.055087373964488505, "decode.loss_ce": 0.03828132292255759, "decode.acc_seg": 99.67400360107422, "aux.loss_ce": 0.016806050948798657, "aux.acc_seg": 99.83856964111328, "time": 6.296987390518188, "step": 300}
{"lr": 0.009911076035273796, "data_time": 0.008393669128417968, "loss": 0.044031272642314434, "decode.loss_ce": 0.030837692227214573, "decode.acc_seg": 93.42980194091797, "aux.loss_ce": 0.013193580275401472, "aux.acc_seg": 91.2505874633789, "time": 6.287257647514343, "step": 400}
{"aAcc": 98.68, "mIoU": 65.63, "mAcc": 66.75, "step": 400}
